NxN Size,Communication,Non-Communication,Brute Force Detecting,Brute Force Non-Detecting
15x15,1.469693846,0,0,0
16x16,0.8,0,0,0
17x17,1.788854382,0,0,0
18x18,1.356465997,0,0,0
19x19,1.469693846,0,0,0
20x20,1.469693846,0,0,0
21x21,0.8,0,0,0
22x22,0.632455532,0,0,0
23x23,2.785677655,0,0,0
24x24,4.8,0,0,0
25x25,1.166190379,0,0,0
