Test / Metric,# Best,# 2nd,# 3rd,# Worst,# Ties / 33
CC - FS,10,1,0,0,21
CC - RS,5,2,2,2,12
RC - FS,8,3,0,0,15
RC - RS,7,3,1,0,10
SC - FS,10,1,0,0,24
SC - RS,5,3,0,3,10
MEAN:,7.5,2.166666667,0.5,0.833333333,15.33333333
VARI:,4.25,0.805555556,0.583333333,1.472222223,29.22222222
STDD:,2.061552813,0.897527468,0.763762616,1.213351648,5.405758247
