Test / Metric,# Best,# 2nd,# 3rd,# Worst,# Ties / 33
CC - FS,10,1,0,0,23
CC - RS,9,2,0,0,16
RC - FS,10,0,1,0,21
RC - RS,10,1,0,0,13
SC - FS,11,0,0,0,26
SC - RS,11,0,0,0,16
MEAN:,10.16666667,0.666666667,0.166666667,0,19.16666667
VARI:,0.472222222,0.555555556,0.138888889,0,20.47222222
STDD:,0.687184271,0.745355992,0.372677996,0,4.524623987
